{
  "packetId": "111f1878-c2c4-4c47-902c-b1cf7c7705fd",
  "label": "save-load",
  "createdAt": "2025-10-31T19:24:51.055Z",
  "files": {
    "latencyReport": "save-load-latency.json",
    "payloadSummary": "save-payload-summary.json",
    "metadata": "metadata.json",
    "readme": "README.md",
    "shareSummary": "share-summary.md",
    "archive": "save-load-2025-10-31T19-24-51-055Z.zip"
  },
  "instructions": [
    "Share the included latency report and payload summary with QA for schema validation.",
    "Capture QA feedback and update the save/load backlog items if schema adjustments are requested."
  ],
  "profile": {
    "iterations": 5,
    "thresholdMs": 2000,
    "sampleCount": 5,
    "averages": {
      "saveMs": 1,
      "loadMs": 0
    },
    "maxima": {
      "saveMs": 2,
      "loadMs": 0
    },
    "underThreshold": true
  },
  "payload": {
    "slot": "payload-summary",
    "version": 1,
    "timestamp": 1761938691055,
    "sectionCounts": {
      "storyFlags": 2,
      "questsActive": 0,
      "questsCompleted": 0,
      "factions": 0,
      "inventoryItems": 2,
      "districtRecords": 2,
      "npcRecords": 2
    }
  }
}
