{
  "packetId": "7c5deb80-d0c7-408f-899e-b5fd86faa405",
  "label": "act2-crossroads",
  "createdAt": "2025-10-31T16:03:38.011Z",
  "sourcePaths": {
    "report": "/home/tsonu/src/genai-game-engine/reports/art/act2-crossroads-lighting-preview.json",
    "summary": "/home/tsonu/src/genai-game-engine/reports/art/act2-crossroads-lighting-preview-summary.md"
  },
  "files": {
    "report": "lighting-preview.json",
    "summary": "lighting-preview-summary.md",
    "readme": "PACKET_README.md",
    "metadata": "metadata.json",
    "shareManifest": "share-manifest.json",
    "attachments": [
      "attachments/neon-glow-approvals-json-summary.json",
      "attachments/neon-glow-approvals-markdown-summary.md"
    ]
  },
  "summary": {
    "total": 12,
    "statusCounts": {
      "ok": 12
    },
    "metadataDriftCount": 0,
    "skippedCount": 0
  },
  "actionableSegments": [],
  "bundle": {
    "format": "zip",
    "relativePath": "../act2-crossroads-2025-10-31T16-03-38-011Z.zip"
  },
  "attachments": [
    {
      "filename": "attachments/neon-glow-approvals-json-summary.json",
      "label": "Neon glow approvals — JSON summary",
      "originalPath": "/home/tsonu/src/genai-game-engine/reports/art/neon-glow-approval-status.json",
      "sizeBytes": 25054,
      "checksumSha256": "df23b287d04dfdc4c4c71029bc3990f704482c5eb962f99b74c0fadf70a3d7bf"
    },
    {
      "filename": "attachments/neon-glow-approvals-markdown-summary.md",
      "label": "Neon glow approvals — Markdown summary",
      "originalPath": "/home/tsonu/src/genai-game-engine/reports/art/neon-glow-approval-status.md",
      "sizeBytes": 9169,
      "checksumSha256": "594216dbcf24027e0f0b04516c74a67767cfef99690a14b52954d48caabe68ae"
    }
  ]
}
