{
  "summary": {
    "slot": "profiling-latency",
    "iterations": 2,
    "thresholdMs": 2000,
    "load": {
      "averageMs": 0,
      "maxMs": 1,
      "underThreshold": true,
      "averageLabel": "0ms",
      "maxLabel": "1ms"
    },
    "save": {
      "averageMs": 1,
      "maxMs": 1,
      "averageLabel": "1ms",
      "maxLabel": "1ms"
    },
    "totalDurationLabel": "2ms"
  },
  "samples": [
    {
      "iteration": 0,
      "saveMs": 1.109535000000001,
      "loadMs": 0.7074059999999989
    },
    {
      "iteration": 1,
      "saveMs": 0.32373400000000174,
      "loadMs": 0.19836000000000098
    }
  ]
}
