{
  "packetId": "d6ac9e46-dbc9-4413-b5a2-e70a054661b0",
  "label": "act2-crossroads",
  "createdAt": "2025-10-30T11:45:11.255Z",
  "sourcePaths": {
    "report": "/home/tsonu/src/genai-game-engine/reports/art/act2-crossroads-lighting-preview.json",
    "summary": "/home/tsonu/src/genai-game-engine/reports/art/act2-crossroads-lighting-preview-summary.md"
  },
  "files": {
    "report": "lighting-preview.json",
    "summary": "lighting-preview-summary.md",
    "readme": "PACKET_README.md",
    "metadata": "metadata.json",
    "shareManifest": "share-manifest.json"
  },
  "summary": {
    "total": 11,
    "statusCounts": {
      "skipped": 2,
      "ok": 9
    },
    "metadataDriftCount": 0,
    "skippedCount": 2
  },
  "actionableSegments": [
    {
      "segmentId": "crossroads_floor_safehouse",
      "category": "floors",
      "status": "skipped",
      "presetId": "safehouse_idle",
      "projected": {
        "luminance": null,
        "targetLuminance": null,
        "deviation": null
      },
      "issues": []
    },
    {
      "segmentId": "crossroads_branch_walkway",
      "category": "floors",
      "status": "skipped",
      "presetId": "branch_idle",
      "projected": {
        "luminance": null,
        "targetLuminance": null,
        "deviation": null
      },
      "issues": []
    }
  ],
  "bundle": {
    "format": "zip",
    "relativePath": "../act2-crossroads-2025-10-30T11-45-11-255Z.zip"
  }
}
