{
  "generatedAt": "2025-11-17T09:45:30.000Z",
  "totalTracked": 25,
  "statusBreakdown": {
    "bespoke-in-review": 0,
    "bespoke-approved": 3,
    "placeholder-generated": 4,
    "derivative-generated": 13,
    "reference-selected": 1,
    "pending-sourcing": 4
  },
  "approvalsPending": {
    "narrative": 0,
    "renderOps": 0
  },
  "items": [
    {
      "id": "image-ar-005-tileset-neon-district",
      "title": "Neon District Tileset",
      "status": "bespoke-approved",
      "arId": "AR-005",
      "scheduledWeek": 1,
      "deliverablePath": "assets/bespoke/week1/image-ar-005-tileset-neon-district_v2.png",
      "statusHistory": [
        {
          "status": "bespoke-in-progress",
          "recordedAt": "2025-10-30T13:15:22.998Z",
          "context": "Blocking pass delivered; needs reflection polish + signage layer.",
          "receivedOn": "2025-11-14",
          "approvedOn": null
        },
        {
          "status": "bespoke-in-review",
          "recordedAt": "2025-10-30T13:35:23.800Z",
          "context": "Reflection polish applied; signage glow pending approval with Narrative for branch cues.",
          "receivedOn": "2025-11-15",
          "approvedOn": null
        },
        {
          "status": "bespoke-approved",
          "recordedAt": "2025-11-17T09:45:10.000Z",
          "context": "Narrative sign-off captured; signage layers align with Act 2 branch gating and licensing notes updated.",
          "receivedOn": "2025-11-15",
          "approvedOn": "2025-11-17"
        }
      ],
      "notes": "Needs wet reflections, signage layers, and animated neon strips. | Prompt drafted; see docs/assets/generation-prompts-ar-001-005.md Placeholder asset generated procedurally in Session 115 for interim use. | Week 1 bespoke slot kicked off 2025-11-13; art brief includes latest lighting preview metrics. | Narrative approved neon signage cues and branch triggers during Session 125 review; manifest updated accordingly.",
      "latestContext": "Narrative sign-off captured; signage layers align with Act 2 branch gating and licensing notes updated.",
      "lastUpdated": "2025-11-17T09:45:10.000Z",
      "needsNarrativeApproval": false,
      "needsRenderOpsApproval": false,
      "approvalsDetected": {
        "narrativePending": false,
        "renderOpsPending": false
      },
      "focusMatch": [
        "neon",
        "glow",
        "signage"
      ]
    },
    {
      "id": "image-ar-001-deduction-board-bg",
      "title": "Deduction Board UI Background",
      "status": "bespoke-approved",
      "arId": "AR-001",
      "scheduledWeek": 1,
      "deliverablePath": "assets/bespoke/week1/image-ar-001-deduction-board-bg.png",
      "statusHistory": [
        {
          "status": "bespoke-approved",
          "recordedAt": "2025-10-30T13:15:22.998Z",
          "context": "Final 2048x1536 layered PSD approved; includes investigation overlays + branch callouts.",
          "receivedOn": null,
          "approvedOn": "2025-11-14"
        },
        {
          "status": "bespoke-approved",
          "recordedAt": "2025-10-30T13:35:23.800Z",
          "context": "Final 2048x1536 layered PSD approved; includes investigation overlays + branch callouts.",
          "receivedOn": null,
          "approvedOn": "2025-11-14"
        }
      ],
      "notes": "Needs layered neon corkboard vibe with space for clue nodes and narrative callouts. | Prompt drafted; see docs/assets/generation-prompts-ar-001-005.md Placeholder asset generated procedurally in Session 115 for interim use. | Week 1 bespoke slot kicked off 2025-11-13; awaiting concept sketches.",
      "latestContext": "Final 2048x1536 layered PSD approved; includes investigation overlays + branch callouts.",
      "lastUpdated": "2025-10-30T13:35:23.800Z",
      "needsNarrativeApproval": false,
      "needsRenderOpsApproval": false,
      "approvalsDetected": {
        "narrativePending": true,
        "renderOpsPending": false
      },
      "focusMatch": [
        "neon"
      ]
    },
    {
      "id": "image-ar-001-clue-node-pack",
      "title": "Clue Node Sprite Variations",
      "status": "bespoke-approved",
      "arId": "AR-001",
      "scheduledWeek": 1,
      "deliverablePath": "assets/bespoke/week1/image-ar-001-clue-node-pack_v2.psd",
      "statusHistory": [
        {
          "status": "bespoke-in-review",
          "recordedAt": "2025-10-30T13:15:22.998Z",
          "context": "Revision requested on animated glow variant; secondary pass due 2025-11-15.",
          "receivedOn": "2025-11-13",
          "approvedOn": null
        },
        {
          "status": "bespoke-approved",
          "recordedAt": "2025-10-30T13:35:23.800Z",
          "context": "Ensure exported spritesheet includes 6-frame glow loop for integration.",
          "receivedOn": "2025-11-13",
          "approvedOn": "2025-11-16"
        }
      ],
      "notes": "Requires at least three variations with animated pulse option for narrative emphasis. | Prompt drafted; see docs/assets/generation-prompts-ar-001-005.md Placeholder asset generated procedurally in Session 115 for interim use. | Week 1 bespoke slot kicked off 2025-11-13 with asset brief sent to vendor.",
      "latestContext": "Ensure exported spritesheet includes 6-frame glow loop for integration.",
      "lastUpdated": "2025-10-30T13:35:23.800Z",
      "needsNarrativeApproval": false,
      "needsRenderOpsApproval": false,
      "approvalsDetected": {
        "narrativePending": false,
        "renderOpsPending": false
      },
      "focusMatch": [
        "glow"
      ]
    },
    {
      "id": "image-ar-001-ui-button-pack",
      "title": "Core UI Button Pack",
      "status": "placeholder-generated",
      "arId": "AR-001",
      "scheduledWeek": null,
      "deliverablePath": null,
      "statusHistory": [],
      "notes": "Target 64x32 sprites with hover/pressed states; neon noir styling. | Prompt drafted; see docs/assets/generation-prompts-ar-001-005.md Placeholder asset generated procedurally in Session 115 for interim use.",
      "latestContext": null,
      "lastUpdated": null,
      "needsNarrativeApproval": false,
      "needsRenderOpsApproval": false,
      "approvalsDetected": {
        "narrativePending": false,
        "renderOpsPending": false
      },
      "focusMatch": [
        "neon"
      ]
    },
    {
      "id": "image-ar-002-fingerprint",
      "title": "Fingerprint Evidence Sprite",
      "status": "placeholder-generated",
      "arId": "AR-002",
      "scheduledWeek": null,
      "deliverablePath": null,
      "statusHistory": [],
      "notes": "Supports neon-guided cyan lighting to align with Memory Parlor palette. | Prompt drafted; see docs/assets/generation-prompts-ar-001-005.md Placeholder asset generated procedurally in Session 115 for interim use.",
      "latestContext": null,
      "lastUpdated": null,
      "needsNarrativeApproval": false,
      "needsRenderOpsApproval": false,
      "approvalsDetected": {
        "narrativePending": false,
        "renderOpsPending": false
      },
      "focusMatch": [
        "neon",
        "memory parlor"
      ]
    },
    {
      "id": "image-ar-004-npc-guard-pack",
      "title": "Security Guard NPC Sprite Pack",
      "status": "placeholder-generated",
      "arId": "AR-004",
      "scheduledWeek": null,
      "deliverablePath": null,
      "statusHistory": [],
      "notes": "Include visor glow for detection cues; integrate faction insignia. | Prompt drafted; see docs/assets/generation-prompts-ar-001-005.md Placeholder asset generated procedurally in Session 115 for interim use.",
      "latestContext": null,
      "lastUpdated": null,
      "needsNarrativeApproval": false,
      "needsRenderOpsApproval": false,
      "approvalsDetected": {
        "narrativePending": false,
        "renderOpsPending": false
      },
      "focusMatch": [
        "glow"
      ]
    },
    {
      "id": "image-ar-005-tileset-archive-undercity",
      "title": "Archive Undercity Tileset",
      "status": "placeholder-generated",
      "arId": "AR-005",
      "scheduledWeek": null,
      "deliverablePath": null,
      "statusHistory": [],
      "notes": "Blend corroded metal with glowing conduits and dust particles. | Prompt drafted; see docs/assets/generation-prompts-ar-001-005.md Placeholder asset generated procedurally in Session 115 for interim use.",
      "latestContext": null,
      "lastUpdated": null,
      "needsNarrativeApproval": false,
      "needsRenderOpsApproval": false,
      "approvalsDetected": {
        "narrativePending": false,
        "renderOpsPending": false
      },
      "focusMatch": [
        "glow"
      ]
    },
    {
      "id": "image-ar-050-crossroads-selection-pad",
      "title": "Act 2 Crossroads Selection Pad",
      "status": "derivative-generated",
      "arId": "AR-050",
      "scheduledWeek": null,
      "deliverablePath": null,
      "statusHistory": [],
      "notes": "Matches assetId act2_crossroads_selection_pad_v1; CC0 helipad top-down plate gives concentric guidance rings for reactive glass and telemetry glyphs. Openverse ID 67a16c30-eb3c-4b8e-88f5-f1e31bfddb5a (\"30 A Helipad Near The Top (4) - East View\"). | Overlay derivative generated in Session 111 via npm run art:generate-crossroads-overlays -> assets/overlays/act2-crossroads/act2_crossroads_selection_pad.png",
      "latestContext": null,
      "lastUpdated": null,
      "needsNarrativeApproval": false,
      "needsRenderOpsApproval": false,
      "approvalsDetected": {
        "narrativePending": false,
        "renderOpsPending": false
      },
      "focusMatch": [
        "crossroads"
      ]
    },
    {
      "id": "image-ar-050-crossroads-checkpoint-plaza",
      "title": "Act 2 Crossroads Checkpoint Plaza",
      "status": "derivative-generated",
      "arId": "AR-050",
      "scheduledWeek": null,
      "deliverablePath": null,
      "statusHistory": [],
      "notes": "Matches assetId act2_crossroads_checkpoint_plaza_v1; Dongdaemun Design Plaza night plaza reference delivers illuminated ribbing and steel inlays for militarised tone. Openverse ID 1d101862-fda2-4591-8160-d799b6e2b39c (\"Dongdaemun Design Plaza & Park\"). | Overlay derivative generated in Session 111 via npm run art:generate-crossroads-overlays -> assets/overlays/act2-crossroads/act2_crossroads_checkpoint_plaza.png",
      "latestContext": null,
      "lastUpdated": null,
      "needsNarrativeApproval": false,
      "needsRenderOpsApproval": false,
      "approvalsDetected": {
        "narrativePending": false,
        "renderOpsPending": false
      },
      "focusMatch": [
        "crossroads"
      ]
    },
    {
      "id": "image-ar-050-crossroads-safehouse-arc",
      "title": "Act 2 Crossroads Safehouse Light Arc",
      "status": "derivative-generated",
      "arId": "AR-050",
      "scheduledWeek": null,
      "deliverablePath": null,
      "statusHistory": [],
      "notes": "Matches assetId act2_crossroads_safehouse_arc_v1; deliver semi-transparent beam overlay. Openverse ID 958a108e-b4ee-4fef-800a-5a8a48e68a2b (\"Alien aurorae spotted on Uranus by Hubble\") features layered aurora strands ideal for semi-transparent arc treatments. | Overlay derivative generated in Session 111 via npm run art:generate-crossroads-overlays -> assets/overlays/act2-crossroads/act2_crossroads_safehouse_arc.png",
      "latestContext": null,
      "lastUpdated": null,
      "needsNarrativeApproval": false,
      "needsRenderOpsApproval": false,
      "approvalsDetected": {
        "narrativePending": false,
        "renderOpsPending": false
      },
      "focusMatch": [
        "crossroads"
      ]
    },
    {
      "id": "image-ar-050-crossroads-selection-conduit",
      "title": "Act 2 Crossroads Selection Conduit",
      "status": "derivative-generated",
      "arId": "AR-050",
      "scheduledWeek": null,
      "deliverablePath": null,
      "statusHistory": [],
      "notes": "AssetId act2_crossroads_selection_conduit_v1; require emissive orange conduit effect. Openverse ID f4fa7dce-2bdf-4e52-a9bf-943aa0ea3dec (\"High Energy\") provides plasma arc reference with strong radial beams that can be recolored to the Crossroads orange palette. | Overlay derivative generated in Session 111 via npm run art:generate-crossroads-overlays -> assets/overlays/act2-crossroads/act2_crossroads_selection_conduit.png",
      "latestContext": null,
      "lastUpdated": null,
      "needsNarrativeApproval": false,
      "needsRenderOpsApproval": false,
      "approvalsDetected": {
        "narrativePending": false,
        "renderOpsPending": false
      },
      "focusMatch": [
        "crossroads"
      ]
    },
    {
      "id": "image-ar-050-crossroads-checkpoint-glow",
      "title": "Act 2 Crossroads Checkpoint Glow",
      "status": "derivative-generated",
      "arId": "AR-050",
      "scheduledWeek": null,
      "deliverablePath": null,
      "statusHistory": [],
      "notes": "AssetId act2_crossroads_checkpoint_glow_v1; implement subtle pulsing shader reference. Openverse ID 3f514b03-b6b2-48b8-baa8-7264b0d42f77 (\"Reopening of 167 St on the B, D lines\") showcases linear overhead strip lighting suitable for translating into a guarded checkpoint glow. | Overlay derivative generated in Session 111 via npm run art:generate-crossroads-overlays -> assets/overlays/act2-crossroads/act2_crossroads_checkpoint_glow.png",
      "latestContext": null,
      "lastUpdated": null,
      "needsNarrativeApproval": false,
      "needsRenderOpsApproval": false,
      "approvalsDetected": {
        "narrativePending": false,
        "renderOpsPending": false
      },
      "focusMatch": [
        "glow",
        "crossroads"
      ]
    },
    {
      "id": "image-ar-050-crossroads-column-safehouse-left",
      "title": "Act 2 Crossroads Safehouse Column (Left)",
      "status": "derivative-generated",
      "arId": "AR-050",
      "scheduledWeek": null,
      "deliverablePath": null,
      "statusHistory": [],
      "notes": "AssetId act2_crossroads_column_safehouse_left_v1; Openverse ID 7fa5629a-8c5f-4bd2-a247-fe6517d17409 (\"Rome - Vatican City/Saint Peter's Basilica 'Shower of Light on Woman'\") delivers a diffused vertical beam against darkened stone, matching the stealth staging falloff once recolored toward cyan. | Overlay derivative generated in Session 110 via npm run art:generate-crossroads-overlays -> assets/overlays/act2-crossroads/act2_crossroads_column_safehouse_left.png",
      "latestContext": null,
      "lastUpdated": null,
      "needsNarrativeApproval": false,
      "needsRenderOpsApproval": false,
      "approvalsDetected": {
        "narrativePending": false,
        "renderOpsPending": false
      },
      "focusMatch": [
        "crossroads"
      ]
    },
    {
      "id": "image-ar-050-crossroads-column-safehouse-right",
      "title": "Act 2 Crossroads Safehouse Column (Right)",
      "status": "derivative-generated",
      "arId": "AR-050",
      "scheduledWeek": null,
      "deliverablePath": null,
      "statusHistory": [],
      "notes": "AssetId act2_crossroads_column_safehouse_right_v1; Openverse ID 2c443bc9-e3ab-4fff-ba46-a52ef76b7457 (\"Infinity\") provides twin spot beams with crisp edges we can taper into the mirrored safehouse pillar once we de-saturate the magenta stage palette. | Overlay derivative generated in Session 110 via npm run art:generate-crossroads-overlays -> assets/overlays/act2-crossroads/act2_crossroads_column_safehouse_right.png",
      "latestContext": null,
      "lastUpdated": null,
      "needsNarrativeApproval": false,
      "needsRenderOpsApproval": false,
      "approvalsDetected": {
        "narrativePending": false,
        "renderOpsPending": false
      },
      "focusMatch": [
        "crossroads"
      ]
    },
    {
      "id": "image-ar-050-crossroads-column-checkpoint-north",
      "title": "Act 2 Crossroads Checkpoint Column (North)",
      "status": "derivative-generated",
      "arId": "AR-050",
      "scheduledWeek": null,
      "deliverablePath": null,
      "statusHistory": [],
      "notes": "AssetId act2_crossroads_column_checkpoint_north_v1; Openverse ID d373ad62-282c-455f-b85a-2e58b2f0fa9f (\"Proudly Beaming and Standing Tall\") captures parallel tribute beams with high-intensity cores suited for militarised checkpoint silhouettes. | Overlay derivative generated in Session 110 via npm run art:generate-crossroads-overlays -> assets/overlays/act2-crossroads/act2_crossroads_column_checkpoint_north.png",
      "latestContext": null,
      "lastUpdated": null,
      "needsNarrativeApproval": false,
      "needsRenderOpsApproval": false,
      "approvalsDetected": {
        "narrativePending": false,
        "renderOpsPending": false
      },
      "focusMatch": [
        "crossroads"
      ]
    },
    {
      "id": "image-ar-050-crossroads-column-checkpoint-south",
      "title": "Act 2 Crossroads Checkpoint Column (South)",
      "status": "derivative-generated",
      "arId": "AR-050",
      "scheduledWeek": null,
      "deliverablePath": null,
      "statusHistory": [],
      "notes": "AssetId act2_crossroads_column_checkpoint_south_v1; Openverse ID 7baeb847-c6de-4d96-983a-75a130697e06 (\"NYC World Trade Center Tribute in Light 2012\") supplies a distant twin beam plate we can compress for the southern choke point glow. | Overlay derivative generated in Session 110 via npm run art:generate-crossroads-overlays -> assets/overlays/act2-crossroads/act2_crossroads_column_checkpoint_south.png",
      "latestContext": null,
      "lastUpdated": null,
      "needsNarrativeApproval": false,
      "needsRenderOpsApproval": false,
      "approvalsDetected": {
        "narrativePending": false,
        "renderOpsPending": false
      },
      "focusMatch": [
        "glow",
        "crossroads"
      ]
    },
    {
      "id": "image-ar-050-crossroads-boundary-west",
      "title": "Act 2 Crossroads Boundary Wall (West)",
      "status": "derivative-generated",
      "arId": "AR-050",
      "scheduledWeek": null,
      "deliverablePath": null,
      "statusHistory": [],
      "notes": "AssetId act2_crossroads_boundary_west_v1; Solar Energy System grid supplies modular energy panel pattern with subtle parallax seams. Openverse ID cffc95f8-a10c-4ea1-9403-75989f5c510c (\"Solar Energy System\"). | Overlay derivative generated in Session 111 via npm run art:generate-crossroads-overlays -> assets/overlays/act2-crossroads/act2_crossroads_boundary_west.png",
      "latestContext": null,
      "lastUpdated": null,
      "needsNarrativeApproval": false,
      "needsRenderOpsApproval": false,
      "approvalsDetected": {
        "narrativePending": false,
        "renderOpsPending": false
      },
      "focusMatch": [
        "crossroads"
      ]
    },
    {
      "id": "image-ar-050-crossroads-boundary-east",
      "title": "Act 2 Crossroads Boundary Wall (East)",
      "status": "derivative-generated",
      "arId": "AR-050",
      "scheduledWeek": null,
      "deliverablePath": null,
      "statusHistory": [],
      "notes": "AssetId act2_crossroads_boundary_east_v1; glass brick wall photo supports translucent signage inserts with damage detail. Openverse ID 9d2a5d45-5ba9-47ac-a910-e8ec191e2ed2 (\"glass brick wall\"). | Overlay derivative generated in Session 111 via npm run art:generate-crossroads-overlays -> assets/overlays/act2-crossroads/act2_crossroads_boundary_east.png",
      "latestContext": null,
      "lastUpdated": null,
      "needsNarrativeApproval": false,
      "needsRenderOpsApproval": false,
      "approvalsDetected": {
        "narrativePending": false,
        "renderOpsPending": false
      },
      "focusMatch": [
        "signage",
        "crossroads"
      ]
    },
    {
      "id": "image-ar-050-crossroads-boundary-north",
      "title": "Act 2 Crossroads Boundary Wall (North)",
      "status": "derivative-generated",
      "arId": "AR-050",
      "scheduledWeek": null,
      "deliverablePath": null,
      "statusHistory": [],
      "notes": "AssetId act2_crossroads_boundary_north_v1; high-density window grid offers structural support motif for walkway entrance signage. Openverse ID 8cac3eaf-712d-4ab1-9fa9-cc6a0860d66b (\"Windows\"). | Overlay derivative generated in Session 111 via npm run art:generate-crossroads-overlays -> assets/overlays/act2-crossroads/act2_crossroads_boundary_north.png",
      "latestContext": null,
      "lastUpdated": null,
      "needsNarrativeApproval": false,
      "needsRenderOpsApproval": false,
      "approvalsDetected": {
        "narrativePending": false,
        "renderOpsPending": false
      },
      "focusMatch": [
        "signage",
        "crossroads"
      ]
    },
    {
      "id": "image-ar-050-crossroads-boundary-south",
      "title": "Act 2 Crossroads Boundary Wall (South)",
      "status": "derivative-generated",
      "arId": "AR-050",
      "scheduledWeek": null,
      "deliverablePath": null,
      "statusHistory": [],
      "notes": "AssetId act2_crossroads_boundary_south_v1; perforated steel panel adds armored venting cues while keeping collision silhouette readable. Openverse ID 7b9870f8-1647-4fa6-a29b-62361aa1f4f7 (\"perforated steel panel in stairway\"). | Overlay derivative generated in Session 111 via npm run art:generate-crossroads-overlays -> assets/overlays/act2-crossroads/act2_crossroads_boundary_south.png",
      "latestContext": null,
      "lastUpdated": null,
      "needsNarrativeApproval": false,
      "needsRenderOpsApproval": false,
      "approvalsDetected": {
        "narrativePending": false,
        "renderOpsPending": false
      },
      "focusMatch": [
        "crossroads"
      ]
    },
    {
      "id": "image-memory-parlor-neon-001",
      "title": "Futuristic chamber with glowing energy beam",
      "status": "reference-selected",
      "arId": "AR-050",
      "scheduledWeek": null,
      "deliverablePath": null,
      "statusHistory": [],
      "notes": "Capture neon bevel edges and volumetric beam cues for future environment illustration pass.",
      "latestContext": null,
      "lastUpdated": null,
      "needsNarrativeApproval": false,
      "needsRenderOpsApproval": false,
      "approvalsDetected": {
        "narrativePending": false,
        "renderOpsPending": false
      },
      "focusMatch": [
        "neon",
        "glow",
        "memory parlor"
      ]
    },
    {
      "id": "image-ar-007-particles-neon-glow",
      "title": "Neon Glow Particle Sprite",
      "status": "pending-sourcing",
      "arId": "AR-007",
      "scheduledWeek": null,
      "deliverablePath": null,
      "statusHistory": [],
      "notes": "Include additive-friendly alpha handling and color variants.",
      "latestContext": null,
      "lastUpdated": null,
      "needsNarrativeApproval": false,
      "needsRenderOpsApproval": false,
      "approvalsDetected": {
        "narrativePending": false,
        "renderOpsPending": false
      },
      "focusMatch": [
        "neon",
        "glow"
      ]
    },
    {
      "id": "image-ar-050-crossroads-floor-safehouse",
      "title": "Act 2 Crossroads Safehouse Floor",
      "status": "pending-sourcing",
      "arId": "AR-050",
      "scheduledWeek": null,
      "deliverablePath": null,
      "statusHistory": [],
      "notes": "Matches assetId act2_crossroads_floor_safehouse_v1; needs woven carbon fiber texture with blue underlighting.",
      "latestContext": null,
      "lastUpdated": null,
      "needsNarrativeApproval": false,
      "needsRenderOpsApproval": false,
      "approvalsDetected": {
        "narrativePending": false,
        "renderOpsPending": false
      },
      "focusMatch": [
        "crossroads"
      ]
    },
    {
      "id": "image-ar-050-crossroads-briefing-pad",
      "title": "Act 2 Crossroads Briefing Pad",
      "status": "pending-sourcing",
      "arId": "AR-050",
      "scheduledWeek": null,
      "deliverablePath": null,
      "statusHistory": [],
      "notes": "Align with assetId act2_crossroads_briefing_pad_v1; include glass inlay and spotlight cues.",
      "latestContext": null,
      "lastUpdated": null,
      "needsNarrativeApproval": false,
      "needsRenderOpsApproval": false,
      "approvalsDetected": {
        "narrativePending": false,
        "renderOpsPending": false
      },
      "focusMatch": [
        "crossroads"
      ]
    },
    {
      "id": "image-ar-050-crossroads-branch-walkway",
      "title": "Act 2 Crossroads Branch Walkway",
      "status": "pending-sourcing",
      "arId": "AR-050",
      "scheduledWeek": null,
      "deliverablePath": null,
      "statusHistory": [],
      "notes": "Map to assetId act2_crossroads_branch_walkway_v1; include directional arrowing for narrative flow.",
      "latestContext": null,
      "lastUpdated": null,
      "needsNarrativeApproval": false,
      "needsRenderOpsApproval": false,
      "approvalsDetected": {
        "narrativePending": false,
        "renderOpsPending": false
      },
      "focusMatch": [
        "crossroads"
      ]
    }
  ]
}
