{
  "packetId": "64a06a8e-7c87-4dcb-b234-c521e95be721",
  "label": "act2-crossroads",
  "createdAt": "2025-11-01T09:10:32.089Z",
  "sourcePaths": {
    "report": "/home/tsonu/src/genai-game-engine/reports/art/act2-crossroads-lighting-preview.json",
    "summary": "/home/tsonu/src/genai-game-engine/reports/art/act2-crossroads-lighting-preview-summary.md"
  },
  "files": {
    "report": "lighting-preview.json",
    "summary": "lighting-preview-summary.md",
    "readme": "PACKET_README.md",
    "metadata": "metadata.json",
    "shareManifest": "share-manifest.json",
    "attachments": [
      "attachments/neon-glow-approvals-json-summary.json",
      "attachments/neon-glow-approvals-markdown-summary.md"
    ]
  },
  "summary": {
    "total": 12,
    "statusCounts": {
      "ok": 12
    },
    "metadataDriftCount": 0,
    "skippedCount": 0
  },
  "actionableSegments": [],
  "bundle": {
    "format": "zip",
    "relativePath": "../act2-crossroads-2025-11-01T09-10-32-089Z.zip"
  },
  "attachments": [
    {
      "filename": "attachments/neon-glow-approvals-json-summary.json",
      "label": "Neon glow approvals — JSON summary",
      "originalPath": "/home/tsonu/src/genai-game-engine/reports/art/neon-glow-approval-status.json",
      "sizeBytes": 25471,
      "checksumSha256": "672c2c459f30c8f7799632f04c2ccd94a1de17f9862a2fb2e73db5effc9e08c2"
    },
    {
      "filename": "attachments/neon-glow-approvals-markdown-summary.md",
      "label": "Neon glow approvals — Markdown summary",
      "originalPath": "/home/tsonu/src/genai-game-engine/reports/art/neon-glow-approval-status.md",
      "sizeBytes": 9236,
      "checksumSha256": "541f7b70eea3ebfaf6e5c9ec684482619b6386a895c95d07b9f47166d71bb9cc"
    }
  ]
}
